Hagibest,Universitatea Craiova,universitatea-craiova-s2
murrymalty,Woking,woking-s2
myemailiscool,Alania Vladikavkaz,alania-vladikavkaz-s2
lordbost,Hønefoss,honefoss-s2
jesaub,Cúcuta Deportivo,cucuta-deportivo-s2
pooerh,Korona Kielce,korona-kielce-s2
515yphus,Real Oviedo,real-oviedo-s2
bronzehobo,Real Oviedo,real-oviedo-s2
reducx,Real Oviedo,real-oviedo-s2
your_a_jerk,Azerbaijan,azerbaijan-s2
error-prone,CSMS Iași,csms-iasi-s2
westicles84,Aldershot Town,aldershot-s2
Danny-Boy,Syrianska FC,syrianska-s2
PinkAnderson,Kettering Town,kettering-s2
hattfatt,Dynamo Dresden,dynamo-dresden-s2
KittensDontFly,Once Caldas,once-caldas-s2
xspaniardx,Chattanooga FC,chattanooga-fc-s2
big_gordo,Madison 56ers,madison-56ers-s2
spacecees,PEC Zwolle,pec-zwolle-s2
Cobykoby,Cambridge City,cambridge-city-s2
An_Eloquent_Turtle,Hereford United,hereford-s2
Cantti,Náutico,nautico-s2
CallMeEli,SV Wacker Burghausen,wacker-burghausen-s2
diabolicpanda,Frem,frem-s2
kmatika,Östersunds FK,ostersunds-s2
Olelko,lausanne-sport,lausanne-sport-s2
alexLAD,Şahdağ,sahdag-s2
Odinallfader,HamKam,hamkam-s2
_nagulian,Zulte Waregem,zulte-waregem-s2
crazyjah2003,Haiti,haiti-s2
mnpreveu,Marítimo,maritimo-s2
rgonzal,Dorados de Sinaloa,dorados-de-sinaloa-s2